{
  "methods": [
    {
      "method": "Deep Ensemble entropy",
      "auroc": 0.8124590051896453,
      "id_count": 14532419,
      "ood_count": 76029,
      "id_mean": 0.3020952343940735,
      "ood_mean": 0.8271148800849915,
      "n_total": 14608448,
      "n_sampled": 200000,
      "fpr95_discrete_full": NaN,
      "fpr95_interp_full": NaN,
      "fpr95_interp_mean": 0.5757837004252184,
      "fpr95_interp_std": 0.011737499377969127,
      "fpr90_interp_mean": 0.4991459897400832,
      "fpr90_interp_std": 0.014150416744040275,
      "fpr98_interp_mean": 0.6374815986734796,
      "fpr98_interp_std": 0.009683007409799448
    },
    {
      "method": "NECO-only",
      "auroc": 0.807121325174718,
      "id_count": 14532419,
      "ood_count": 76029,
      "id_mean": 0.40205034613609314,
      "ood_mean": 2.0089781284332275,
      "n_total": 14608448,
      "n_sampled": 200000,
      "fpr95_discrete_full": NaN,
      "fpr95_interp_full": NaN,
      "fpr95_interp_mean": 0.6455479961414706,
      "fpr95_interp_std": 0.011179630151376713,
      "fpr90_interp_mean": 0.4753456759558469,
      "fpr90_interp_std": 0.008595178894867953,
      "fpr98_interp_mean": 0.7985461206330984,
      "fpr98_interp_std": 0.02077343499615262
    },
    {
      "method": "Energy-only",
      "auroc": 0.8170732556010967,
      "id_count": 14532419,
      "ood_count": 76029,
      "id_mean": -0.06004368141293526,
      "ood_mean": 1.2302716970443726,
      "n_total": 14608448,
      "n_sampled": 200000,
      "fpr95_discrete_full": NaN,
      "fpr95_interp_full": NaN,
      "fpr95_interp_mean": 0.6329032707533256,
      "fpr95_interp_std": 0.028250612916423033,
      "fpr90_interp_mean": 0.4960803507735986,
      "fpr90_interp_std": 0.020173709297844622,
      "fpr98_interp_mean": 0.748056171900145,
      "fpr98_interp_std": 0.016736039345560016
    },
    {
      "method": "Hybrid NECO+Energy",
      "auroc": 0.8383601509235119,
      "id_count": 14532419,
      "ood_count": 76029,
      "id_mean": 0.2172129601240158,
      "ood_mean": 1.697496771812439,
      "n_total": 14608448,
      "n_sampled": 200000,
      "fpr95_discrete_full": NaN,
      "fpr95_interp_full": NaN,
      "fpr95_interp_mean": 0.5930715268783933,
      "fpr95_interp_std": 0.016664609757942848,
      "fpr90_interp_mean": 0.4267579731047116,
      "fpr90_interp_std": 0.0063867258627642795,
      "fpr98_interp_mean": 0.7480952651575141,
      "fpr98_interp_std": 0.016832524775368715
    }
  ],
  "temperature": {},
  "runtime": {},
  "skipped": {}
}